Workbook

Sheet Student Marks
A1: Student ID | B1: Student Name | C1: Gender | D1: Maths | E1: Science | F1: English | G1: History | H1: Computer Science | I1: Total | J1: Average | K1: Grade | L1: Result
A2: S001 | B2: Aarav Sharma | C2: M | D2: 85 | E2: 78 | F2: 90 | G2: 72 | H2: 88 | I2: =D2+E2+F2+G2+H2 -> 413 | J2: =I2/5 -> 82.6 | K2: A | L2: Pass
A3: S002 | B3: Priya Nair | C3: F | D3: 92 | E3: 88 | F3: 95 | G3: 85 | H3: 91 | I3: =D3+E3+F3+G3+H3 -> 451 | J3: =I3/5 -> 90.2 | K3: A+ | L3: Pass
A4: S003 | B4: Rohan Mehta | C4: M | D4: 60 | E4: 55 | F4: 65 | G4: 58 | H4: 70 | I4: =D4+E4+F4+G4+H4 -> 308 | J4: =I4/5 -> 61.6 | K4: C | L4: Pass
A5: S004 | B5: Ananya Singh | C5: F | D5: 78 | E5: 82 | F5: 75 | G5: 80 | H5: 85 | I5: =D5+E5+F5+G5+H5 -> 400 | J5: =I5/5 -> 80 | K5: A | L5: Pass
A6: S005 | B6: Karthik Raj | C6: M | D6: 45 | E6: 50 | F6: 40 | G6: 48 | H6: 55 | I6: =D6+E6+F6+G6+H6 -> 238 | J6: =I6/5 -> 47.6 | K6: F | L6: Pass
A7: S006 | B7: Divya Menon | C7: F | D7: 88 | E7: 91 | F7: 84 | G7: 89 | H7: 93 | I7: =D7+E7+F7+G7+H7 -> 445 | J7: =I7/5 -> 89 | K7: A | L7: Pass
A8: S007 | B8: Arjun Patel | C8: M | D8: 72 | E8: 68 | F8: 76 | G8: 65 | H8: 74 | I8: =D8+E8+F8+G8+H8 -> 355 | J8: =I8/5 -> 71 | K8: B | L8: Pass
A9: S008 | B9: Sneha Iyer | C9: F | D9: 55 | E9: 60 | F9: 58 | G9: 52 | H9: 62 | I9: =D9+E9+F9+G9+H9 -> 287 | J9: =I9/5 -> 57.4 | K9: D | L9: Pass
A10: S009 | B10: Vikram Das | C10: M | D10: 38 | E10: 42 | F10: 35 | G10: 40 | H10: 45 | I10: =D10+E10+F10+G10+H10 -> 200 | J10: =I10/5 -> 40 | K10: F | L10: Pass
A11: S010 | B11: Meera Pillai | C11: F | D11: 95 | E11: 97 | F11: 92 | G11: 94 | H11: 98 | I11: =D11+E11+F11+G11+H11 -> 476 | J11: =I11/5 -> 95.2 | K11: A+ | L11: Pass
A12: S011 | B12: Suresh Kumar | C12: M | D12: 70 | E12: 65 | F12: 72 | G12: 68 | H12: 75 | I12: =D12+E12+F12+G12+H12 -> 350 | J12: =I12/5 -> 70 | K12: B | L12: Pass
A13: S012 | B13: Lakshmi Rao | C13: F | D13: 83 | E13: 79 | F13: 88 | G13: 76 | H13: 82 | I13: =D13+E13+F13+G13+H13 -> 408 | J13: =I13/5 -> 81.6 | K13: A | L13: Pass
... A51: S050 | B51: Nandini Pillai | C51: F | D51: 78 | E51: 74 | F51: 81 | G51: 72 | H51: 80 | I51: =D51+E51+F51+G51+H51 -> 385 | J51: =I51/5 -> 77 | K51: B | L51: Pass

Sheet Summary Statistics
A1: Subject-wise Statistics
A3: Subject | B3: Min | C3: Max | D3: Average | E3: Pass Count | F3: Fail Count | G3: Pass %
A4: Maths | B4: =MIN('Student Marks'!D2:D51) -> 35 | C4: =MAX('Student Marks'!D2:D51) -> 95 | D4: =ROUND(AVERAGE('Student Marks'!D2:D51),1) -> 69.3 | E4: =COUNTIF('Student Marks'!D2:D51,">="&40) -> 48 | F4: =COUNTIF('Student Marks'!D2:D51,"<40") -> 2 | G4: =ROUND(COUNTIF('Student Marks'!D2:D51,">="&40)/50*100,1) -> 96
A5: Science | B5: =MIN('Student Marks'!E2:E51) -> 38 | C5: =MAX('Student Marks'!E2:E51) -> 97 | D5: =ROUND(AVERAGE('Student Marks'!E2:E51),1) -> 68.9 | E5: =COUNTIF('Student Marks'!E2:E51,">="&40) -> 49 | F5: =COUNTIF('Student Marks'!E2:E51,"<40") -> 1 | G5: =ROUND(COUNTIF('Student Marks'!E2:E51,">="&40)/50*100,1) -> 98
A6: English | B6: =MIN('Student Marks'!F2:F51) -> 32 | C6: =MAX('Student Marks'!F2:F51) -> 96 | D6: =ROUND(AVERAGE('Student Marks'!F2:F51),1) -> 69.7 | E6: =COUNTIF('Student Marks'!F2:F51,">="&40) -> 46 | F6: =COUNTIF('Student Marks'!F2:F51,"<40") -> 4 | G6: =ROUND(COUNTIF('Student Marks'!F2:F51,">="&40)/50*100,1) -> 92
A7: History | B7: =MIN('Student Marks'!G2:G51) -> 36 | C7: =MAX('Student Marks'!G2:G51) -> 94 | D7: =ROUND(AVERAGE('Student Marks'!G2:G51),1) -> 67.5 | E7: =COUNTIF('Student Marks'!G2:G51,">="&40) -> 49 | F7: =COUNTIF('Student Marks'!G2:G51,"<40") -> 1 | G7: =ROUND(COUNTIF('Student Marks'!G2:G51,">="&40)/50*100,1) -> 98
A8: Computer Science | B8: =MIN('Student Marks'!H2:H51) -> 40 | C8: =MAX('Student Marks'!H2:H51) -> 98 | D8: =ROUND(AVERAGE('Student Marks'!H2:H51),1) -> 73.9 | E8: =COUNTIF('Student Marks'!H2:H51,">="&40) -> 50 | F8: =COUNTIF('Student Marks'!H2:H51,"<40") -> 0 | G8: =ROUND(COUNTIF('Student Marks'!H2:H51,">="&40)/50*100,1) -> 100
A10: Overall Class Statistics
A11: Total Students | B11: =COUNTA('Student Marks'!A2:A51) -> 50
A12: Students Passed | B12: =COUNTIF('Student Marks'!L2:L51,"Pass") -> 49
A13: Students Failed | B13: =COUNTIF('Student Marks'!L2:L51,"Fail") -> 1
A14: Pass Rate (%) | B14: =ROUND(COUNTIF('Student Marks'!L2:L51,"Pass")/50*100,1) -> 98
A15: Class Average | B15: =ROUND(AVERAGE('Student Marks'!J2:J51),2) -> 69.87
A16: Highest Average | B16: =MAX('Student Marks'!J2:J51) -> 95.2
A17: Lowest Average | B17: =MIN('Student Marks'!J2:J51) -> 36.2

Sheet Term-wise Performance
A1: Subject | B1: Term 1 | C1: Term 2 | D1: Term 3
A2: Maths | B2: 72 | C2: 75 | D2: 78
A3: Science | B3: 64 | C3: 67 | D3: 69
A4: English | B4: 70 | C4: 72 | D4: 74
A5: History | B5: 60 | C5: 62 | D5: 65
A6: Computer Science | B6: 75 | C6: 79 | D6: 82
